{
    "formatVersion": 1,
    "libraries": [
        {
            "name": "net.fabricmc:tiny-mappings-parser:0.3.0+build.17",
            "url": "https://maven.fabricmc.net/"
        },
        {
            "name": "net.fabricmc:sponge-mixin:0.10.7+mixin.0.8.4",
            "url": "https://maven.fabricmc.net/"
        },
        {
            "name": "net.fabricmc:tiny-remapper:0.6.0",
            "url": "https://maven.fabricmc.net/"
        },
        {
            "name": "net.fabricmc:access-widener:2.0.1",
            "url": "https://maven.fabricmc.net/"
        },
        {
            "name": "org.ow2.asm:asm:9.2",
            "url": "https://maven.fabricmc.net/"
        },
        {
            "name": "org.ow2.asm:asm-analysis:9.2",
            "url": "https://maven.fabricmc.net/"
        },
        {
            "name": "org.ow2.asm:asm-commons:9.2",
            "url": "https://maven.fabricmc.net/"
        },
        {
            "name": "org.ow2.asm:asm-tree:9.2",
            "url": "https://maven.fabricmc.net/"
        },
        {
            "name": "org.ow2.asm:asm-util:9.2",
            "url": "https://maven.fabricmc.net/"
        },
        {
            "name": "net.fabricmc:fabric-loader:0.12.12",
            "url": "https://maven.fabricmc.net"
        }
    ],
    "mainClass": "net.fabricmc.loader.impl.launch.knot.KnotClient",
    "name": "Fabric Loader",
    "order": 10,
    "releaseTime": "2021-12-14T20:50:42+00:00",
    "requires": [
        {
            "uid": "net.fabricmc.intermediary"
        }
    ],
    "type": "release",
    "uid": "net.fabricmc.fabric-loader",
    "version": "0.12.12"
}