{
    "formatVersion": 1,
    "name": "Fabric Loader",
    "uid": "net.fabricmc.fabric-loader",
    "versions": [
        {
            "recommended": true,
            "releaseTime": "2021-12-14T20:50:42+00:00",
            "requires": [
                {
                    "uid": "net.fabricmc.intermediary"
                }
            ],
            "sha256": "64cf41869ce8f8be55536dce22747f17f75dc337400250f5d7311268fcac142c",
            "type": "release",
            "version": "0.12.12"
        },
        {
            "releaseTime": "2021-12-10T18:55:24+00:00",
            "requires": [
                {
                    "uid": "net.fabricmc.intermediary"
                }
            ],
            "sha256": "708571c982bf464a9a8de18bcd3be0e00df3216f3c25f54c136470b6dc61b2ce",
            "type": "release",
            "version": "0.12.11"
        },
        {
            "releaseTime": "2021-12-10T17:06:28+00:00",
            "requires": [
                {
                    "uid": "net.fabricmc.intermediary"
                }
            ],
            "sha256": "261ff1c30d57d949ea27dc5401a3f9409bf4326ef8928a944d440a91a419c5db",
            "type": "release",
            "version": "0.12.10"
        },
        {
            "releaseTime": "2021-12-09T20:00:02+00:00",
            "requires": [
                {
                    "uid": "net.fabricmc.intermediary"
                }
            ],
            "sha256": "60c5db54cb979cdeb5a429a5adcacaa4802d642a2b8a8ea61a3142d544dceb1c",
            "type": "release",
            "version": "0.12.9"
        },
        {
            "releaseTime": "2021-11-30T22:49:56+00:00",
            "requires": [
                {
                    "uid": "net.fabricmc.intermediary"
                }
            ],
            "sha256": "38c37d080e3d14e2db8a4b9f4244a69d063f2c4beaae2e1b76612a63079fb211",
            "type": "release",
            "version": "0.12.8"
        },
        {
            "releaseTime": "2021-11-30T21:52:52+00:00",
            "requires": [
                {
                    "uid": "net.fabricmc.intermediary"
                }
            ],
            "sha256": "b1422bbb8be622029307f4ac1455a1f986c06da71f64a4076e8d52bd73d82a93",
            "type": "release",
            "version": "0.12.7"
        },
        {
            "releaseTime": "2021-11-30T12:05:36+00:00",
            "requires": [
                {
                    "uid": "net.fabricmc.intermediary"
                }
            ],
            "sha256": "37b8acb83f863517e2ac00a9deadeae2a6234cced81dab57ad5b1b7e30d38363",
            "type": "release",
            "version": "0.12.6"
        },
        {
            "releaseTime": "2021-11-05T15:21:00+00:00",
            "requires": [
                {
                    "uid": "net.fabricmc.intermediary"
                }
            ],
            "sha256": "571f8f0baad1447c7c66f19484f72721b176401b16d6daff9b3a05c45d48b867",
            "type": "release",
            "version": "0.12.5"
        },
        {
            "releaseTime": "2021-10-30T21:00:34+00:00",
            "requires": [
                {
                    "uid": "net.fabricmc.intermediary"
                }
            ],
            "sha256": "1fdf8552ff0b7687708c149229e535158c6728a94fbe7294b8aa8d75947f4f50",
            "type": "release",
            "version": "0.12.4"
        },
        {
            "releaseTime": "2021-10-24T18:08:36+00:00",
            "requires": [
                {
                    "uid": "net.fabricmc.intermediary"
                }
            ],
            "sha256": "c78c5328010fe5817bf1be62e37fb060676b7089d793e40b9a339acdaf3a244d",
            "type": "release",
            "version": "0.12.3"
        },
        {
            "releaseTime": "2021-10-16T12:48:18+00:00",
            "requires": [
                {
                    "uid": "net.fabricmc.intermediary"
                }
            ],
            "sha256": "24e513689ae60d5e0492fa587da968515a6b899ad2cce39b433fdaf4ca7c08b6",
            "type": "release",
            "version": "0.12.2"
        },
        {
            "releaseTime": "2021-10-07T11:50:30+00:00",
            "requires": [
                {
                    "uid": "net.fabricmc.intermediary"
                }
            ],
            "sha256": "b79b23e11f239ddd6b5d8f7c93b920df3cd3411fcf2fdf2b3f9a0d3e6d37e2e6",
            "type": "release",
            "version": "0.12.1"
        },
        {
            "releaseTime": "2021-10-03T18:46:40+00:00",
            "requires": [
                {
                    "uid": "net.fabricmc.intermediary"
                }
            ],
            "sha256": "9b9453bfa2803ac6f67d29fee076b550d621b9a910e32d8f9d59339140c0eb0c",
            "type": "release",
            "version": "0.12.0"
        },
        {
            "releaseTime": "2021-09-16T21:30:20+00:00",
            "requires": [
                {
                    "uid": "net.fabricmc.intermediary"
                }
            ],
            "sha256": "3a37c14cdc1c4a8ffa1ce1c745b0536c003b8a71fe662f04fb8a427c20907037",
            "type": "release",
            "version": "0.11.7"
        },
        {
            "releaseTime": "2021-06-14T03:32:50+00:00",
            "requires": [
                {
                    "uid": "net.fabricmc.intermediary"
                }
            ],
            "sha256": "27c9c47dc11ad4dd0561d6701a03eac14f39e6f874b73b85f27b2c571edd5777",
            "type": "release",
            "version": "0.11.6"
        },
        {
            "releaseTime": "2021-06-13T14:55:10+00:00",
            "requires": [
                {
                    "uid": "net.fabricmc.intermediary"
                }
            ],
            "sha256": "d34bceff8acdf80758d4c4e0b2b409afc60ef306a9ee77ea9fe069c9089ad373",
            "type": "release",
            "version": "0.11.5"
        },
        {
            "releaseTime": "2021-03-12T19:13:46+00:00",
            "requires": [
                {
                    "uid": "net.fabricmc.intermediary"
                }
            ],
            "sha256": "ee2665f81298b9e4857cf780e1eff9b631dfc736a06b132ea96317b64a94a450",
            "type": "release",
            "version": "0.11.3"
        },
        {
            "releaseTime": "2021-02-23T19:12:44+00:00",
            "requires": [
                {
                    "uid": "net.fabricmc.intermediary"
                }
            ],
            "sha256": "4e6b9dd19ebe5205822e64da969c172975d6d53be9624e9992ecb2792ef3e869",
            "type": "release",
            "version": "0.11.2"
        },
        {
            "releaseTime": "2021-01-15T18:37:12+00:00",
            "requires": [
                {
                    "uid": "net.fabricmc.intermediary"
                }
            ],
            "sha256": "bbf439116b326376105e77a3cabefd04afcd2c323ff8cf373f8828534ec2b755",
            "type": "release",
            "version": "0.11.1"
        },
        {
            "releaseTime": "2021-01-10T18:39:10+00:00",
            "requires": [
                {
                    "uid": "net.fabricmc.intermediary"
                }
            ],
            "sha256": "e240e693939acd833c83ae573e9b9f2c1c686f017308cf6e40916b943129bcf1",
            "type": "release",
            "version": "0.11.0"
        },
        {
            "releaseTime": "2020-11-15T13:57:48+00:00",
            "requires": [
                {
                    "uid": "net.fabricmc.intermediary"
                }
            ],
            "sha256": "5c44a162ea04c63a33d0b53673cef74af21ec2a4925d6b4f53c5b18adaaf0642",
            "type": "release",
            "version": "0.10.8"
        },
        {
            "releaseTime": "2020-11-14T16:38:08+00:00",
            "requires": [
                {
                    "uid": "net.fabricmc.intermediary"
                }
            ],
            "sha256": "12f97548e9fd47c288f5164b192d4934ab1bf7c30c7a300d72863965f8bd9ba2",
            "type": "release",
            "version": "0.10.7"
        },
        {
            "releaseTime": "2020-10-30T17:56:56+00:00",
            "requires": [
                {
                    "uid": "net.fabricmc.intermediary"
                }
            ],
            "sha256": "522818e74fc8da03a3cac2c0b0369592eab5b789ffe44074be3af803ba088f21",
            "type": "release",
            "version": "0.10.6+build.214"
        },
        {
            "releaseTime": "2020-10-26T20:48:24+00:00",
            "requires": [
                {
                    "uid": "net.fabricmc.intermediary"
                }
            ],
            "sha256": "36301e3acb1097927fcc3cb4fcb1e213ea76397f2f6a70cc13f762e55aee915d",
            "type": "release",
            "version": "0.10.5+build.213"
        },
        {
            "releaseTime": "2020-10-26T19:01:40+00:00",
            "requires": [
                {
                    "uid": "net.fabricmc.intermediary"
                }
            ],
            "sha256": "715a135fd5761247ecbf56a751a49258e4f193a6b729221ac1995ea4ae9f10a1",
            "type": "release",
            "version": "0.10.4+build.212"
        },
        {
            "releaseTime": "2020-10-20T06:47:54+00:00",
            "requires": [
                {
                    "uid": "net.fabricmc.intermediary"
                }
            ],
            "sha256": "2c5660a351865ac0e0731cd7a801e2aefad45819a0ab34232f3406409987fb53",
            "type": "release",
            "version": "0.10.3+build.211"
        },
        {
            "releaseTime": "2020-10-17T14:59:38+00:00",
            "requires": [
                {
                    "uid": "net.fabricmc.intermediary"
                }
            ],
            "sha256": "38c4dc698fe10deef4a33bee9fdbc06e01690526194a62d3944103b505831ae6",
            "type": "release",
            "version": "0.10.2+build.210"
        },
        {
            "releaseTime": "2020-10-05T18:06:02+00:00",
            "requires": [
                {
                    "uid": "net.fabricmc.intermediary"
                }
            ],
            "sha256": "41988b36511eea4bb0f646cd5a6a70d2cd61410dacf8f6e08a50d9d32915d206",
            "type": "release",
            "version": "0.10.1+build.209"
        },
        {
            "releaseTime": "2020-09-26T18:52:50+00:00",
            "requires": [
                {
                    "uid": "net.fabricmc.intermediary"
                }
            ],
            "sha256": "fbe0cfdbefdc51f78ff379d3425fb3500d021897b7c5618cbca3692064028be8",
            "type": "release",
            "version": "0.10.0+build.208"
        },
        {
            "releaseTime": "2020-09-04T20:46:38+00:00",
            "requires": [
                {
                    "uid": "net.fabricmc.intermediary"
                }
            ],
            "sha256": "88afb5fdabfda4baffc544ce806a45fa2c37c12ada1238b87a6664aa12b06182",
            "type": "release",
            "version": "0.9.3+build.207"
        },
        {
            "releaseTime": "2020-08-19T07:11:12+00:00",
            "requires": [
                {
                    "uid": "net.fabricmc.intermediary"
                }
            ],
            "sha256": "66be4089acdeace271778b59ef0c4192eb75c9b0876a078683a9149d446b9f5e",
            "type": "release",
            "version": "0.9.2+build.206"
        },
        {
            "releaseTime": "2020-08-07T19:31:58+00:00",
            "requires": [
                {
                    "uid": "net.fabricmc.intermediary"
                }
            ],
            "sha256": "cb5d0bef1a6fa6f25931acdfe16290baead2ee31788fcdd5461780159a0a9dff",
            "type": "release",
            "version": "0.9.1+build.205"
        },
        {
            "releaseTime": "2020-07-14T13:20:50+00:00",
            "requires": [
                {
                    "uid": "net.fabricmc.intermediary"
                }
            ],
            "sha256": "554504740128b3bcbd035880f1bded59e01f6a41fa698c4713e1b111eb80b6f2",
            "type": "release",
            "version": "0.9.0+build.204"
        },
        {
            "releaseTime": "2020-06-30T19:47:20+00:00",
            "requires": [
                {
                    "uid": "net.fabricmc.intermediary"
                }
            ],
            "sha256": "ae9e3b1b627da87c2e90f69780358dc447140e53b6137b2f463846859305d160",
            "type": "release",
            "version": "0.8.9+build.203"
        },
        {
            "releaseTime": "2020-06-18T14:45:08+00:00",
            "requires": [
                {
                    "uid": "net.fabricmc.intermediary"
                }
            ],
            "sha256": "6599abc647067e188ac4ea79835bd8b5b0611d754ab1416dfbd01c7d7bbff906",
            "type": "release",
            "version": "0.8.8+build.202"
        },
        {
            "releaseTime": "2020-06-04T19:58:46+00:00",
            "requires": [
                {
                    "uid": "net.fabricmc.intermediary"
                }
            ],
            "sha256": "4840f53063544b78d34c68149601faaaa5f99a1e359f1306f35d9acb08029f12",
            "type": "release",
            "version": "0.8.7+build.201"
        },
        {
            "releaseTime": "2020-06-03T20:53:02+00:00",
            "requires": [
                {
                    "uid": "net.fabricmc.intermediary"
                }
            ],
            "sha256": "34828f8babd4a5206a7a3c715fc27675d1f7fa863ed81ff9d5bc9aa37b66b7ea",
            "type": "release",
            "version": "0.8.6+build.200"
        },
        {
            "releaseTime": "2020-05-31T09:23:42+00:00",
            "requires": [
                {
                    "uid": "net.fabricmc.intermediary"
                }
            ],
            "sha256": "ced9be9062ab0da3b7af612a54822fda8f38c653a1918bc1dc660591fbebedf2",
            "type": "release",
            "version": "0.8.5+build.199"
        },
        {
            "releaseTime": "2020-05-19T12:39:20+00:00",
            "requires": [
                {
                    "uid": "net.fabricmc.intermediary"
                }
            ],
            "sha256": "36ae30f8c864bc290ae41b3922af55442b963733f493e84085477c321ac9bce3",
            "type": "release",
            "version": "0.8.4+build.198"
        },
        {
            "releaseTime": "2020-05-14T10:56:08+00:00",
            "requires": [
                {
                    "uid": "net.fabricmc.intermediary"
                }
            ],
            "sha256": "218ad9ede2ebbbb5fb3e0cc3ae304346a0905f9e5cbd8b2b49b033b489e165e4",
            "type": "release",
            "version": "0.8.3+build.196"
        },
        {
            "releaseTime": "2020-04-06T23:12:56+00:00",
            "requires": [
                {
                    "uid": "net.fabricmc.intermediary"
                }
            ],
            "sha256": "97868e1f1697718436809f2d1e2f5a0b8b0d5b279ccff6c75b48147b14ac8060",
            "type": "release",
            "version": "0.8.2+build.194"
        },
        {
            "releaseTime": "2020-04-06T21:51:58+00:00",
            "requires": [
                {
                    "uid": "net.fabricmc.intermediary"
                }
            ],
            "sha256": "f7c4be2ef07e00971a2cbf6d58bb7703ef8fe66660fbdddb6aebf572a809ed04",
            "type": "release",
            "version": "0.8.1+build.193"
        },
        {
            "releaseTime": "2020-04-06T14:37:50+00:00",
            "requires": [
                {
                    "uid": "net.fabricmc.intermediary"
                }
            ],
            "sha256": "f12122944236287f1e254bc1e67695723a4c78ad46dd90d4abb5a4687ac93c80",
            "type": "release",
            "version": "0.8.0+build.192"
        },
        {
            "releaseTime": "2020-04-04T12:53:36+00:00",
            "requires": [
                {
                    "uid": "net.fabricmc.intermediary"
                }
            ],
            "sha256": "f5560759fa999e1c20196947a8beda4d7debd08b052ed9cdc30d09ac3a9c4da0",
            "type": "release",
            "version": "0.7.10+build.191"
        },
        {
            "releaseTime": "2020-04-02T19:19:02+00:00",
            "requires": [
                {
                    "uid": "net.fabricmc.intermediary"
                }
            ],
            "sha256": "697121665d2824fe72137eb2d15c49400e39fd1930fea64998b1647f50868e64",
            "type": "release",
            "version": "0.7.9+build.190"
        },
        {
            "releaseTime": "2020-03-19T18:11:28+00:00",
            "requires": [
                {
                    "uid": "net.fabricmc.intermediary"
                }
            ],
            "sha256": "35cbe60b337cb4a7499a3758a54c184ebd3418f6914dda391a623d944fc0531e",
            "type": "release",
            "version": "0.7.8+build.189"
        },
        {
            "releaseTime": "2020-03-18T23:27:12+00:00",
            "requires": [
                {
                    "uid": "net.fabricmc.intermediary"
                }
            ],
            "sha256": "d970fc88d9ac19b11c5870e97626d951fda9aa59671eadb0b5139b24fad2d89d",
            "type": "release",
            "version": "0.7.8+build.188"
        },
        {
            "releaseTime": "2020-03-08T17:46:34+00:00",
            "requires": [
                {
                    "uid": "net.fabricmc.intermediary"
                }
            ],
            "sha256": "6058a0c7cc588fabfc43d8925d286065ca2a1147508ac34ca38dd59fe1115f61",
            "type": "release",
            "version": "0.7.8+build.187"
        },
        {
            "releaseTime": "2020-03-02T06:40:10+00:00",
            "requires": [
                {
                    "uid": "net.fabricmc.intermediary"
                }
            ],
            "sha256": "91fec20e0a4eb155a70780d0fca6765f9613d30b8ecc41514b47e38c94780ba5",
            "type": "release",
            "version": "0.7.8+build.186"
        },
        {
            "releaseTime": "2020-03-02T00:43:00+00:00",
            "requires": [
                {
                    "uid": "net.fabricmc.intermediary"
                }
            ],
            "sha256": "6222aec195c353e36a0eb4125fd04c7e6d4646c2919ffab3947c9968cc961031",
            "type": "release",
            "version": "0.7.8+build.185"
        },
        {
            "releaseTime": "2020-02-05T19:17:46+00:00",
            "requires": [
                {
                    "uid": "net.fabricmc.intermediary"
                }
            ],
            "sha256": "ddea178e0cc96b72ff0c9e78915c034328d1176a7cc158b8df8b014d035c9ef8",
            "type": "release",
            "version": "0.7.8+build.184"
        },
        {
            "releaseTime": "2020-02-05T19:16:38+00:00",
            "requires": [
                {
                    "uid": "net.fabricmc.intermediary"
                }
            ],
            "sha256": "a790bfc71dfb84bdbdf6595496ffcfde471792de53a66fe2f49b14fbb30259d0",
            "type": "release",
            "version": "0.7.7+build.183"
        },
        {
            "releaseTime": "2020-02-05T17:51:30+00:00",
            "requires": [
                {
                    "uid": "net.fabricmc.intermediary"
                }
            ],
            "sha256": "20e88617f8138cc06e8c4fa6c53fa9946086cc3f4493c1a645757dcd43dbfdc0",
            "type": "release",
            "version": "0.7.7+build.182"
        },
        {
            "releaseTime": "2020-02-02T15:04:52+00:00",
            "requires": [
                {
                    "uid": "net.fabricmc.intermediary"
                }
            ],
            "sha256": "818c3adc00823c10a00e94338df1f800e4e45a1d1d755c5749272863ccfbca79",
            "type": "release",
            "version": "0.7.6+build.181"
        },
        {
            "releaseTime": "2020-01-27T09:14:12+00:00",
            "requires": [
                {
                    "uid": "net.fabricmc.intermediary"
                }
            ],
            "sha256": "13433145b1b5992120a8e61e6b56674c0bcea2b9d8b42924dbcd0f07513c2e9f",
            "type": "release",
            "version": "0.7.6+build.180"
        },
        {
            "releaseTime": "2020-01-23T17:12:32+00:00",
            "requires": [
                {
                    "uid": "net.fabricmc.intermediary"
                }
            ],
            "sha256": "6590fdcae7b03ff04a18a5a078b1800e024ec09d67f8be67aa1a15c88e8a76c1",
            "type": "release",
            "version": "0.7.6+build.179"
        },
        {
            "releaseTime": "2020-01-20T00:41:56+00:00",
            "requires": [
                {
                    "uid": "net.fabricmc.intermediary"
                }
            ],
            "sha256": "e26631ad0d679bcdf32af9937ba40e0b09e5174b21cbef753e3991d6675e7801",
            "type": "release",
            "version": "0.7.5+build.178"
        },
        {
            "releaseTime": "2020-01-13T20:00:56+00:00",
            "requires": [
                {
                    "uid": "net.fabricmc.intermediary"
                }
            ],
            "sha256": "b927b287a729e171dfcbf15ccde4ad9ecefd7ea12fde824bc7211946e094775b",
            "type": "release",
            "version": "0.7.4+build.177"
        },
        {
            "releaseTime": "2019-12-29T13:24:50+00:00",
            "requires": [
                {
                    "uid": "net.fabricmc.intermediary"
                }
            ],
            "sha256": "c465c0a53abf7bc8ac5b2c0e2ccb16123db745e6ae7b33a0e333859cdcc8b87a",
            "type": "release",
            "version": "0.7.3+build.176"
        },
        {
            "releaseTime": "2019-12-17T02:07:18+00:00",
            "requires": [
                {
                    "uid": "net.fabricmc.intermediary"
                }
            ],
            "sha256": "91f36859d5f3ddcffddf503498c9ae2be23c79d3d520ffbe0bf81b0c8cce5bc8",
            "type": "release",
            "version": "0.7.2+build.175"
        },
        {
            "releaseTime": "2019-11-27T07:24:42+00:00",
            "requires": [
                {
                    "uid": "net.fabricmc.intermediary"
                }
            ],
            "sha256": "4331c383559234d8cc29464b83c37f03fc1661e8ace5c2aa67605fbfa2fbabd1",
            "type": "release",
            "version": "0.7.2+build.174"
        },
        {
            "releaseTime": "2019-11-21T20:29:50+00:00",
            "requires": [
                {
                    "uid": "net.fabricmc.intermediary"
                }
            ],
            "sha256": "969c5d1e973d33bac082babbebab19e45923980a73bf120bb2ea3fabd8b659f9",
            "type": "release",
            "version": "0.7.1+build.173"
        },
        {
            "releaseTime": "2019-11-20T22:10:40+00:00",
            "requires": [
                {
                    "uid": "net.fabricmc.intermediary"
                }
            ],
            "sha256": "77625eaa7e66a752e35178576a0c837bf559b2c169c2626dcd56735d652a55cf",
            "type": "release",
            "version": "0.7.0+build.172"
        },
        {
            "releaseTime": "2019-11-18T22:28:10+00:00",
            "requires": [
                {
                    "uid": "net.fabricmc.intermediary"
                }
            ],
            "sha256": "1db46703b3bb49c43620ec9764a431394bd222070544de769ebac148cda3eb0c",
            "type": "release",
            "version": "0.7.0+build.171"
        },
        {
            "releaseTime": "2019-11-18T22:19:54+00:00",
            "requires": [
                {
                    "uid": "net.fabricmc.intermediary"
                }
            ],
            "sha256": "19c3811567fee9da48ea7c9715d778aae0914df66b8e5ff216ccd53fa1e2d26c",
            "type": "release",
            "version": "0.6.4+build.170"
        },
        {
            "releaseTime": "2019-11-09T18:58:04+00:00",
            "requires": [
                {
                    "uid": "net.fabricmc.intermediary"
                }
            ],
            "sha256": "a48a88f3ac55c5ea81cd33b811d226c66e8d7f09644e2dfc8d42d6bb29b93644",
            "type": "release",
            "version": "0.6.4+build.169"
        },
        {
            "releaseTime": "2019-10-27T14:54:02+00:00",
            "requires": [
                {
                    "uid": "net.fabricmc.intermediary"
                }
            ],
            "sha256": "09aa86ffbd1e9b2f571496f86af8425130e5dc198815f056617e055039bf1b84",
            "type": "release",
            "version": "0.6.3+build.168"
        },
        {
            "releaseTime": "2019-10-03T11:48:28+00:00",
            "requires": [
                {
                    "uid": "net.fabricmc.intermediary"
                }
            ],
            "sha256": "a9e723ebf35677461c42b435147219b1f8106d4e12c7004575f1a0517c4769d2",
            "type": "release",
            "version": "0.6.3+build.167"
        },
        {
            "releaseTime": "2019-09-18T21:42:34+00:00",
            "requires": [
                {
                    "uid": "net.fabricmc.intermediary"
                }
            ],
            "sha256": "d12c72d77a2a04bfc01aecb70211fb833dd292590bf9d23175e268868437d0d5",
            "type": "release",
            "version": "0.6.2+build.166"
        },
        {
            "releaseTime": "2019-08-31T20:24:40+00:00",
            "requires": [
                {
                    "uid": "net.fabricmc.intermediary"
                }
            ],
            "sha256": "8c75812461a400b7c56ae05fc6cc51ea3f03fe26e85ace5816d071e96fa6de58",
            "type": "release",
            "version": "0.6.1+build.165"
        },
        {
            "releaseTime": "2019-08-28T20:34:24+00:00",
            "requires": [
                {
                    "uid": "net.fabricmc.intermediary"
                }
            ],
            "sha256": "b0adbad9e67a2e6eb2db562ea75c62d02b5ff21e3d30b5ee3162389cb2f5a22a",
            "type": "release",
            "version": "0.6.1+build.164"
        },
        {
            "releaseTime": "2019-08-27T18:42:24+00:00",
            "requires": [
                {
                    "uid": "net.fabricmc.intermediary"
                }
            ],
            "sha256": "b83dbf6cae19e647a95c2542b89c402ee60f447d4a28e387de0df2afdd528f17",
            "type": "release",
            "version": "0.6.0+build.163"
        },
        {
            "releaseTime": "2019-08-27T11:51:44+00:00",
            "requires": [
                {
                    "uid": "net.fabricmc.intermediary"
                }
            ],
            "sha256": "db2c888ee316923204cf73d6e146c27be95e570941028195144c3b2c41fe2e82",
            "type": "release",
            "version": "0.5.0+build.162"
        },
        {
            "releaseTime": "2019-08-23T22:34:08+00:00",
            "requires": [
                {
                    "uid": "net.fabricmc.intermediary"
                }
            ],
            "sha256": "f8a53243bbd4fdd06c23152a07e7e9979a2ac0d64e91f6015571a8f0b8379741",
            "type": "release",
            "version": "0.4.9+build.161"
        },
        {
            "releaseTime": "2019-08-23T13:10:56+00:00",
            "requires": [
                {
                    "uid": "net.fabricmc.intermediary"
                }
            ],
            "sha256": "b2c61422482b11cb52a1edb4067a4a9e0b4a34802d2de113f27ee4ad0b72fe4d",
            "type": "release",
            "version": "0.4.9+build.160"
        },
        {
            "releaseTime": "2019-07-28T13:44:06+00:00",
            "requires": [
                {
                    "uid": "net.fabricmc.intermediary"
                }
            ],
            "sha256": "761a78c2dd63fa76bf3cdf1723ff2b352d528552c9cd6c1a58e90d6c9e0290b4",
            "type": "release",
            "version": "0.4.8+build.159"
        },
        {
            "releaseTime": "2019-07-23T07:46:30+00:00",
            "requires": [
                {
                    "uid": "net.fabricmc.intermediary"
                }
            ],
            "sha256": "8b7426c5813878278054903c95470b083bc5264ba94ca38695b514f35b1cc70e",
            "type": "release",
            "version": "0.4.8+build.158"
        },
        {
            "releaseTime": "2019-07-20T11:36:20+00:00",
            "requires": [
                {
                    "uid": "net.fabricmc.intermediary"
                }
            ],
            "sha256": "d21aeeb764272608b044a0952ddf91bdb91aeadbab2fcd6f6d97ea08b9bdee61",
            "type": "release",
            "version": "0.4.8+build.157"
        },
        {
            "releaseTime": "2019-07-20T07:18:00+00:00",
            "requires": [
                {
                    "uid": "net.fabricmc.intermediary"
                }
            ],
            "sha256": "96db0e3bc0638822b4242a1a30cd0416da21fcecc3e4264dc2386370155d9b8e",
            "type": "release",
            "version": "0.4.8+build.156"
        },
        {
            "releaseTime": "2019-06-09T09:55:24+00:00",
            "requires": [
                {
                    "uid": "net.fabricmc.intermediary"
                }
            ],
            "sha256": "be44c0549fcccf3436c7b71fbb2aecf74d0205912ed8c4a7a565378aaae35f8d",
            "type": "release",
            "version": "0.4.8+build.155"
        },
        {
            "releaseTime": "2019-05-24T14:52:04+00:00",
            "requires": [
                {
                    "uid": "net.fabricmc.intermediary"
                }
            ],
            "sha256": "4644d246bfe9b9ecffd812f579ad92a8b968d1ff4bf081c53999c7f8d4c08f1f",
            "type": "release",
            "version": "0.4.8+build.154"
        },
        {
            "releaseTime": "2019-05-24T10:32:36+00:00",
            "requires": [
                {
                    "uid": "net.fabricmc.intermediary"
                }
            ],
            "sha256": "00334809822277fbe64bd20cf4d3efe32f15621ae41e9d53d75d03fffbdef94d",
            "type": "release",
            "version": "0.4.7+build.153"
        },
        {
            "releaseTime": "2019-05-24T10:08:16+00:00",
            "requires": [
                {
                    "uid": "net.fabricmc.intermediary"
                }
            ],
            "sha256": "10d5106fda9cfed9fd36adaf136366ecd0792c5290d80c5aa590020d2dd484b7",
            "type": "release",
            "version": "0.4.7+build.152"
        },
        {
            "releaseTime": "2019-05-23T10:14:46+00:00",
            "requires": [
                {
                    "uid": "net.fabricmc.intermediary"
                }
            ],
            "sha256": "65a3320e51f9965b9945333f577edb908eabc232e0789564404cd2dc43e6c738",
            "type": "release",
            "version": "0.4.7+build.148"
        },
        {
            "releaseTime": "2019-05-12T09:00:42+00:00",
            "requires": [
                {
                    "uid": "net.fabricmc.intermediary"
                }
            ],
            "sha256": "3aa80efcc3dac223ad7916e0bd1f7bccd97f690b4bdac70d36b145261b379b03",
            "type": "release",
            "version": "0.4.7+build.147"
        },
        {
            "releaseTime": "2019-05-11T16:44:32+00:00",
            "requires": [
                {
                    "uid": "net.fabricmc.intermediary"
                }
            ],
            "sha256": "3f772f6697dff94c796c5a9279ee5d6ad80c9eaafafbf7274d4e3d94160ff02b",
            "type": "release",
            "version": "0.4.7+build.146"
        },
        {
            "releaseTime": "2019-05-11T16:22:30+00:00",
            "requires": [
                {
                    "uid": "net.fabricmc.intermediary"
                }
            ],
            "sha256": "b65b3525180249fc9de95b81953f3c67295a421f27788ecbd90b7054b871fea1",
            "type": "release",
            "version": "0.4.6+build.145"
        },
        {
            "releaseTime": "2019-05-10T12:48:24+00:00",
            "requires": [
                {
                    "uid": "net.fabricmc.intermediary"
                }
            ],
            "sha256": "00e226145adb9ac35e687510d282931685bef77cb28b9cf73390e51baa967f30",
            "type": "release",
            "version": "0.4.6+build.144"
        },
        {
            "releaseTime": "2019-05-09T15:33:44+00:00",
            "requires": [
                {
                    "uid": "net.fabricmc.intermediary"
                }
            ],
            "sha256": "945d3c0c8c12a559286dfcbcf783f001f29b9100ce854546d414f6131f1336df",
            "type": "release",
            "version": "0.4.6+build.143"
        },
        {
            "releaseTime": "2019-05-09T15:29:08+00:00",
            "requires": [
                {
                    "uid": "net.fabricmc.intermediary"
                }
            ],
            "sha256": "29db28f122db684a4c8add4c0ebb264bc9f17ab811f4381ac94b4ecb46c05043",
            "type": "release",
            "version": "0.4.6+build.142"
        },
        {
            "releaseTime": "2019-04-29T05:22:58+00:00",
            "requires": [
                {
                    "uid": "net.fabricmc.intermediary"
                }
            ],
            "sha256": "ab493015ddce990c40b46cbc4b276ad143eb361fd0f995700aa5d02592740b83",
            "type": "release",
            "version": "0.4.6+build.141"
        },
        {
            "releaseTime": "2019-04-28T14:51:06+00:00",
            "requires": [
                {
                    "uid": "net.fabricmc.intermediary"
                }
            ],
            "sha256": "9e242e0adf9ae39b4f6d886634b7df2f36f2d6ddbb600104cf270cfb88b1fe66",
            "type": "release",
            "version": "0.4.5+build.140"
        },
        {
            "releaseTime": "2019-04-27T08:47:28+00:00",
            "requires": [
                {
                    "uid": "net.fabricmc.intermediary"
                }
            ],
            "sha256": "b24d6b10fc8a6a693bdee74e726a8100148af0dd1b37a87ad7cde7780d851a60",
            "type": "release",
            "version": "0.4.4+build.139"
        },
        {
            "releaseTime": "2019-04-26T16:57:14+00:00",
            "requires": [
                {
                    "uid": "net.fabricmc.intermediary"
                }
            ],
            "sha256": "4ad57fa787839c7bcd086cc76a7601f86ea74a0f6d216be34f9cd23c65e044d6",
            "type": "release",
            "version": "0.4.4+build.138"
        },
        {
            "releaseTime": "2019-04-26T15:19:46+00:00",
            "requires": [
                {
                    "uid": "net.fabricmc.intermediary"
                }
            ],
            "sha256": "09f41560010bfeda30638d1c9fe7a038f74a262990ade5fc7bc966cbab8a54bb",
            "type": "release",
            "version": "0.4.4+build.137"
        },
        {
            "releaseTime": "2019-04-26T09:57:12+00:00",
            "requires": [
                {
                    "uid": "net.fabricmc.intermediary"
                }
            ],
            "sha256": "a67a033d5ef6d84e08ad1ac36cb1406e7f0b4274cd8746f0d474e3d879392e88",
            "type": "release",
            "version": "0.4.4+build.136"
        },
        {
            "releaseTime": "2019-04-26T08:41:22+00:00",
            "requires": [
                {
                    "uid": "net.fabricmc.intermediary"
                }
            ],
            "sha256": "503f65a353dc74ac315a3dc23b65392bdd738f627c7e9b613c5f40ba91a0a103",
            "type": "release",
            "version": "0.4.3+build.135"
        },
        {
            "releaseTime": "2019-04-25T20:54:46+00:00",
            "requires": [
                {
                    "uid": "net.fabricmc.intermediary"
                }
            ],
            "sha256": "2f1f91a8cacd2ab1b6a6ab6b813f1609224122581cff5ce8651a995c26087509",
            "type": "release",
            "version": "0.4.3+build.134"
        },
        {
            "releaseTime": "2019-04-25T20:37:12+00:00",
            "requires": [
                {
                    "uid": "net.fabricmc.intermediary"
                }
            ],
            "sha256": "8204cf59298dfcf6808a1849b0fb9e09b7a06f1de51d595d7bd7f885ad44ad88",
            "type": "release",
            "version": "0.4.3+build.133"
        },
        {
            "releaseTime": "2019-04-22T22:29:36+00:00",
            "requires": [
                {
                    "uid": "net.fabricmc.intermediary"
                }
            ],
            "sha256": "7fa140434c9fcbc43156ae717d9a37a936924b54606c65941fae0b8bec6eacc9",
            "type": "release",
            "version": "0.4.2+build.132"
        },
        {
            "releaseTime": "2019-04-21T11:38:40+00:00",
            "requires": [
                {
                    "uid": "net.fabricmc.intermediary"
                }
            ],
            "sha256": "bbcbaa65916bdf48613f9a8c8243a0b50c0e7171809bbd24fed3c672405e6b51",
            "type": "release",
            "version": "0.4.2+build.131"
        },
        {
            "releaseTime": "2019-04-21T08:56:54+00:00",
            "requires": [
                {
                    "uid": "net.fabricmc.intermediary"
                }
            ],
            "sha256": "e6d09bd922a269b415641b396a61c6ae03a599144791443b61a042ecd2b8022c",
            "type": "release",
            "version": "0.4.2+build.130"
        },
        {
            "releaseTime": "2019-04-20T21:16:08+00:00",
            "requires": [
                {
                    "uid": "net.fabricmc.intermediary"
                }
            ],
            "sha256": "9e7cc6c546247f24fec96ec9d2b2214c0c37fd65f6347f99e32d5966e520a7c2",
            "type": "release",
            "version": "0.4.1+build.129"
        },
        {
            "releaseTime": "2019-04-20T17:59:08+00:00",
            "requires": [
                {
                    "uid": "net.fabricmc.intermediary"
                }
            ],
            "sha256": "f4420d2772c0e3bfd047f3ca5e975872a446b27afce5324fa1a7345be39a825d",
            "type": "release",
            "version": "0.4.1+build.128"
        },
        {
            "releaseTime": "2019-04-19T19:43:22+00:00",
            "requires": [
                {
                    "uid": "net.fabricmc.intermediary"
                }
            ],
            "sha256": "88eab4c67156be63de4ed44fbca0c788aa15e62e6133c68f73f2587e573ed4c8",
            "type": "release",
            "version": "0.4.1+build.127"
        },
        {
            "releaseTime": "2019-04-17T06:57:00+00:00",
            "requires": [
                {
                    "uid": "net.fabricmc.intermediary"
                }
            ],
            "sha256": "ba0acd24ec107e092b72df7b64a1b0d7aa1b90b59d6219a4ee478b425bd6e676",
            "type": "release",
            "version": "0.4.1+build.126"
        },
        {
            "releaseTime": "2019-04-14T20:32:00+00:00",
            "requires": [
                {
                    "uid": "net.fabricmc.intermediary"
                }
            ],
            "sha256": "67bcab4b656c969f5cd6b8af70be552323cea757f2ae25b84ae51714c6de3ded",
            "type": "release",
            "version": "0.4.1+build.125"
        },
        {
            "releaseTime": "2019-04-14T07:55:40+00:00",
            "requires": [
                {
                    "uid": "net.fabricmc.intermediary"
                }
            ],
            "sha256": "4ad31544df10628e37e3013c52dd3a1c2cbb8626f06a768d96c5db5621f00bd8",
            "type": "release",
            "version": "0.4.1+build.124"
        },
        {
            "releaseTime": "2019-04-13T22:01:18+00:00",
            "requires": [
                {
                    "uid": "net.fabricmc.intermediary"
                }
            ],
            "sha256": "8989fdbea2e1632311052de6b5bf406b8938d815b1f5b039831a50dbb3e6e8e0",
            "type": "release",
            "version": "0.4.1+build.123"
        },
        {
            "releaseTime": "2019-04-13T20:35:30+00:00",
            "requires": [
                {
                    "uid": "net.fabricmc.intermediary"
                }
            ],
            "sha256": "461a830d5b4da172e82c9ad7d799e7d7e1c6e50c6489e0e6d0905ac99bcaf1be",
            "type": "release",
            "version": "0.4.1+build.122"
        },
        {
            "releaseTime": "2019-04-11T14:37:38+00:00",
            "requires": [
                {
                    "uid": "net.fabricmc.intermediary"
                }
            ],
            "sha256": "b41339a98047d1ff38699c9fe9e6bab816cf3c3452ecf9d17451d57c515a5ce2",
            "type": "release",
            "version": "0.4.0+build.121"
        },
        {
            "releaseTime": "2019-04-11T13:34:22+00:00",
            "requires": [
                {
                    "uid": "net.fabricmc.intermediary"
                }
            ],
            "sha256": "daa2ed3a2e4546f804696bfd52b0975f932e9a84fe72aef3c8b0077e275f7327",
            "type": "release",
            "version": "0.4.0+build.120"
        },
        {
            "releaseTime": "2019-04-10T20:34:48+00:00",
            "requires": [
                {
                    "uid": "net.fabricmc.intermediary"
                }
            ],
            "sha256": "9ef40194f054a0e40d4d039befa5ac9f8eba22f50b9904e737f67689e9172432",
            "type": "release",
            "version": "0.4.0+build.119"
        },
        {
            "releaseTime": "2019-04-10T19:10:24+00:00",
            "requires": [
                {
                    "uid": "net.fabricmc.intermediary"
                }
            ],
            "sha256": "b5686291e69a3d29d7a63cc301b0174de888ecd53a2db42560d069e62fbfad27",
            "type": "release",
            "version": "0.4.0+build.118"
        },
        {
            "releaseTime": "2019-04-10T19:04:58+00:00",
            "requires": [
                {
                    "uid": "net.fabricmc.intermediary"
                }
            ],
            "sha256": "8ac63e578c7d8dbe1615a5f273528aa7a505a011086848e6e77c17339ce233ab",
            "type": "release",
            "version": "0.4.0+build.117"
        },
        {
            "releaseTime": "2019-04-08T08:50:02+00:00",
            "requires": [
                {
                    "uid": "net.fabricmc.intermediary"
                }
            ],
            "sha256": "4aee616cb6ba575e50b1c58074ed8638b896a83383a9ae74a138db113604ecdb",
            "type": "release",
            "version": "0.4.0+build.116"
        },
        {
            "releaseTime": "2019-04-07T22:15:46+00:00",
            "requires": [
                {
                    "uid": "net.fabricmc.intermediary"
                }
            ],
            "sha256": "481af2f162c8ec71ae35939ba72d45f2949e1e54a696661b4ebeb1da877a4c68",
            "type": "release",
            "version": "0.4.0+build.115"
        },
        {
            "releaseTime": "2019-04-07T18:23:12+00:00",
            "requires": [
                {
                    "uid": "net.fabricmc.intermediary"
                }
            ],
            "sha256": "23bdf40cedadd4b6e4a32343b861c01616a7c0d8dc4b9070e03f2b5fff62b635",
            "type": "release",
            "version": "0.4.0+build.114"
        },
        {
            "releaseTime": "2019-04-07T16:36:30+00:00",
            "requires": [
                {
                    "uid": "net.fabricmc.intermediary"
                }
            ],
            "sha256": "2d2406a8b73495be714f118312cd0a4118a7b06edbd8f7e2e15dfd05c5968fcc",
            "type": "release",
            "version": "0.4.0+build.113"
        },
        {
            "releaseTime": "2019-04-07T16:31:28+00:00",
            "requires": [
                {
                    "uid": "net.fabricmc.intermediary"
                }
            ],
            "sha256": "9ff6da46e2d6b8575173d584185632fe78a042558b7a60d14c93dbe536bb2183",
            "type": "release",
            "version": "0.4.0+build.112"
        },
        {
            "releaseTime": "2019-04-06T13:03:46+00:00",
            "requires": [
                {
                    "uid": "net.fabricmc.intermediary"
                }
            ],
            "sha256": "10de2892d43b764c44ff4039187e27e8b6ca130ef7fea49a8a7711fce2f625ee",
            "type": "release",
            "version": "0.3.7.111"
        },
        {
            "releaseTime": "2019-04-06T12:22:22+00:00",
            "requires": [
                {
                    "uid": "net.fabricmc.intermediary"
                }
            ],
            "sha256": "a9cb04bc7792fa19c6b2a4786b0dc859640711726a061d6c037dd4807ee494bb",
            "type": "release",
            "version": "0.3.7.110"
        },
        {
            "releaseTime": "2019-02-21T06:49:40+00:00",
            "requires": [
                {
                    "uid": "net.fabricmc.intermediary"
                }
            ],
            "sha256": "250df86599cf42533470dd631f255adf07be43085442f0278385af4a8704f346",
            "type": "release",
            "version": "0.3.7.109"
        },
        {
            "releaseTime": "2019-02-20T22:16:20+00:00",
            "requires": [
                {
                    "uid": "net.fabricmc.intermediary"
                }
            ],
            "sha256": "718ab69efa456fb54e50b91c5417252b7dfee8e2dba165a33fcbfbdbf4ba8b74",
            "type": "release",
            "version": "0.3.7.108"
        },
        {
            "releaseTime": "2019-02-12T12:27:52+00:00",
            "requires": [
                {
                    "uid": "net.fabricmc.intermediary"
                }
            ],
            "sha256": "8fb9776aefdc32f3b02a3739f1935fd3fa5ecef75e4cf27cec09c79f76665629",
            "type": "release",
            "version": "0.3.6.107"
        },
        {
            "releaseTime": "2019-02-01T21:48:48+00:00",
            "requires": [
                {
                    "uid": "net.fabricmc.intermediary"
                }
            ],
            "sha256": "b00e69a7c58fac1e5f57867d997a608caf9fcd8d12aa5edf0dffbd06c4613b48",
            "type": "release",
            "version": "0.3.5.106"
        },
        {
            "releaseTime": "2019-02-01T21:27:40+00:00",
            "requires": [
                {
                    "uid": "net.fabricmc.intermediary"
                }
            ],
            "sha256": "8195dade936d5036597633968355d5e7c5ba9a99243b1b12f3fab90d0e2dac6e",
            "type": "release",
            "version": "0.3.4.105"
        },
        {
            "releaseTime": "2019-01-27T13:51:06+00:00",
            "requires": [
                {
                    "uid": "net.fabricmc.intermediary"
                }
            ],
            "sha256": "b0c1ffab97ffcc14df1cd0e9202246d05fa9948c08eb55beb206493b01a92942",
            "type": "release",
            "version": "0.3.4.104"
        },
        {
            "releaseTime": "2019-01-27T13:00:24+00:00",
            "requires": [
                {
                    "uid": "net.fabricmc.intermediary"
                }
            ],
            "sha256": "5d1109606b4429640b404e4c2a07813fe7f122ca98e70ce30ff515aaf1002218",
            "type": "release",
            "version": "0.3.4.103"
        },
        {
            "releaseTime": "2019-01-26T20:17:14+00:00",
            "requires": [
                {
                    "uid": "net.fabricmc.intermediary"
                }
            ],
            "sha256": "80bb8d920eabdbc40732d91259006ee75d7493f9bafbeaf469844e3f833cde78",
            "type": "release",
            "version": "0.3.3.102"
        },
        {
            "releaseTime": "2019-01-21T13:09:10+00:00",
            "requires": [
                {
                    "uid": "net.fabricmc.intermediary"
                }
            ],
            "sha256": "dbb5ac09bd92403f7ccbdbd3479f217e4bd53b48155f863bfc80acc4954f2c98",
            "type": "release",
            "version": "0.3.3.101"
        },
        {
            "releaseTime": "2019-01-20T20:07:06+00:00",
            "requires": [
                {
                    "uid": "net.fabricmc.intermediary"
                }
            ],
            "sha256": "a655f151a691ca262a59f8796f4839178747b76299645289fdb6db03f728df15",
            "type": "release",
            "version": "0.3.3.100"
        },
        {
            "releaseTime": "2019-01-20T10:09:00+00:00",
            "requires": [
                {
                    "uid": "net.fabricmc.intermediary"
                }
            ],
            "sha256": "f3a0026342b8076a0d4a12b15132cc6b48156552681d07160d8a2901f5bf2619",
            "type": "release",
            "version": "0.3.3.99"
        },
        {
            "releaseTime": "2019-01-18T21:01:32+00:00",
            "requires": [
                {
                    "uid": "net.fabricmc.intermediary"
                }
            ],
            "sha256": "ee6132bbf46e221b1b6f37dc1c2c4df2cc7b9885564ef59084f503a4d84405a9",
            "type": "release",
            "version": "0.3.3.98"
        },
        {
            "releaseTime": "2019-01-18T20:45:56+00:00",
            "requires": [
                {
                    "uid": "net.fabricmc.intermediary"
                }
            ],
            "sha256": "f34c9097f6c0d22da17c5df7c47cfbdceebae6b0f6fa0d89cf668df99cd688e8",
            "type": "release",
            "version": "0.3.3.97"
        },
        {
            "releaseTime": "2019-01-15T19:12:16+00:00",
            "requires": [
                {
                    "uid": "net.fabricmc.intermediary"
                }
            ],
            "sha256": "9a14e9b3692759bf5ea5aaa1930fc34cd7622456979240df85f70896b434dd0a",
            "type": "release",
            "version": "0.3.2.96"
        },
        {
            "releaseTime": "2019-01-13T00:29:36+00:00",
            "requires": [
                {
                    "uid": "net.fabricmc.intermediary"
                }
            ],
            "sha256": "b6e8ac8d55c3c8a0b9d367bb9924fb05f8dbd53637c54d49b6b49c08f3341cfb",
            "type": "release",
            "version": "0.3.2.95"
        },
        {
            "releaseTime": "2019-01-12T23:06:02+00:00",
            "requires": [
                {
                    "uid": "net.fabricmc.intermediary"
                }
            ],
            "sha256": "ab231d2fd0dea07f706d6a8c84d8b2e2b3c7eea64bee061b54f7b982cdfaa973",
            "type": "release",
            "version": "0.3.2.94"
        },
        {
            "releaseTime": "2019-01-11T10:42:22+00:00",
            "requires": [
                {
                    "uid": "net.fabricmc.intermediary"
                }
            ],
            "sha256": "0297c0ee1ebe097eecb7e720da571e31b73483bbb741135c317ae1f7151949ef",
            "type": "release",
            "version": "0.3.2.93"
        },
        {
            "releaseTime": "2019-01-09T12:58:18+00:00",
            "requires": [
                {
                    "uid": "net.fabricmc.intermediary"
                }
            ],
            "sha256": "1228503d5056418d93f40c1e0e5299d373bcf8068d9eb89224da74dd979f93f6",
            "type": "release",
            "version": "0.3.2.92"
        },
        {
            "releaseTime": "2019-01-04T12:17:54+00:00",
            "requires": [
                {
                    "uid": "net.fabricmc.intermediary"
                }
            ],
            "sha256": "6c21d155cf69c6c7ac4068ce168a0ad246b8ef3439666f869d71c56fbcbd5eab",
            "type": "release",
            "version": "0.3.2.91"
        },
        {
            "releaseTime": "2019-01-03T16:29:50+00:00",
            "requires": [
                {
                    "uid": "net.fabricmc.intermediary"
                }
            ],
            "sha256": "5af7e510797c4d90eb28d59c5030d4864c1dda57265cac349a82c63b6bdce080",
            "type": "release",
            "version": "0.3.2.90"
        },
        {
            "releaseTime": "2019-01-03T12:58:44+00:00",
            "requires": [
                {
                    "uid": "net.fabricmc.intermediary"
                }
            ],
            "sha256": "f39494f6e25e3b7bc572a85016a179ca699d28b0e1727aa5e4b2008c78c5ccb2",
            "type": "release",
            "version": "0.3.2.87"
        },
        {
            "releaseTime": "2019-01-02T20:31:56+00:00",
            "requires": [
                {
                    "uid": "net.fabricmc.intermediary"
                }
            ],
            "sha256": "9c8b7318c599c26ac0b66672fab6739da95c6db46ef32c9dc0876402fcb0bbeb",
            "type": "release",
            "version": "0.3.2.86"
        },
        {
            "releaseTime": "2019-01-02T20:29:36+00:00",
            "requires": [
                {
                    "uid": "net.fabricmc.intermediary"
                }
            ],
            "sha256": "ab0acb877b6488ebb1fb62cef335226226f082dcb233879712ed2ad49d8a3af2",
            "type": "release",
            "version": "0.3.1.85"
        },
        {
            "releaseTime": "2018-12-31T21:20:06+00:00",
            "requires": [
                {
                    "uid": "net.fabricmc.intermediary"
                }
            ],
            "sha256": "84832b3038868eef52e6dbbe82bca3d86885d44fe91bb4902bb4acda9645f4db",
            "type": "release",
            "version": "0.3.1.84"
        },
        {
            "releaseTime": "2018-12-29T18:34:00+00:00",
            "requires": [
                {
                    "uid": "net.fabricmc.intermediary"
                }
            ],
            "sha256": "1126b98bf6fc070cf2f9763c688bb3ae31fbfc3dca083e27bd729c0fed1bc150",
            "type": "release",
            "version": "0.3.1.82"
        },
        {
            "releaseTime": "2018-12-29T18:20:40+00:00",
            "requires": [
                {
                    "uid": "net.fabricmc.intermediary"
                }
            ],
            "sha256": "d25ad346d8772db0bd73fb9634fcbc5a43ef5973d83a8003f490e5484d511dd8",
            "type": "release",
            "version": "0.3.1.81"
        },
        {
            "releaseTime": "2018-12-28T19:48:24+00:00",
            "requires": [
                {
                    "uid": "net.fabricmc.intermediary"
                }
            ],
            "sha256": "35aa3d655e922be5fdaea0aed971373b437fcd64a1ea312532dc1928985d87ac",
            "type": "release",
            "version": "0.3.1.80"
        },
        {
            "releaseTime": "2018-12-26T18:09:50+00:00",
            "requires": [
                {
                    "uid": "net.fabricmc.intermediary"
                }
            ],
            "sha256": "768ac4d1ddb3bce93deea009fc52235e9534684cfd8a11b15ed1c4f56a232f99",
            "type": "release",
            "version": "0.3.0.77"
        },
        {
            "releaseTime": "2018-12-26T16:59:16+00:00",
            "requires": [
                {
                    "uid": "net.fabricmc.intermediary"
                }
            ],
            "sha256": "3c22d6b63e230156d28e5cb2a0c09e8d348fd3c0d2e58362404f758421f8d148",
            "type": "release",
            "version": "0.3.0.76"
        },
        {
            "releaseTime": "2018-12-24T19:01:22+00:00",
            "requires": [
                {
                    "uid": "net.fabricmc.intermediary"
                }
            ],
            "sha256": "2b844dae2bd76f5474e90b9b2cf85c21151baae313389377997cb68e49d0be51",
            "type": "release",
            "version": "0.3.0.75"
        },
        {
            "releaseTime": "2018-12-22T20:26:30+00:00",
            "requires": [
                {
                    "uid": "net.fabricmc.intermediary"
                }
            ],
            "sha256": "78745da61c3adbe24752097761ed7a8a15954e973c5606368a14eff64f30b8be",
            "type": "release",
            "version": "0.3.0.74"
        },
        {
            "releaseTime": "2018-12-22T16:07:30+00:00",
            "requires": [
                {
                    "uid": "net.fabricmc.intermediary"
                }
            ],
            "sha256": "4136e0eb9d36bddb66910d2ac7da6d952dae48a99ea886fb64bfa3071f83e28e",
            "type": "release",
            "version": "0.3.0.73"
        },
        {
            "releaseTime": "2018-12-22T15:16:12+00:00",
            "requires": [
                {
                    "uid": "net.fabricmc.intermediary"
                }
            ],
            "sha256": "d0d2c22d9040dd996285dd096e5780a40753af76d39e7946cb4ba42b6d505e31",
            "type": "release",
            "version": "0.3.0.72"
        },
        {
            "releaseTime": "2018-12-19T21:38:56+00:00",
            "requires": [
                {
                    "uid": "net.fabricmc.intermediary"
                }
            ],
            "sha256": "2633172d23d6640124902cc691ae5e37d5a3565bd2b6552263aa08cd8b51ec9a",
            "type": "release",
            "version": "0.2.0.71"
        },
        {
            "releaseTime": "2018-12-14T20:05:10+00:00",
            "requires": [
                {
                    "uid": "net.fabricmc.intermediary"
                }
            ],
            "sha256": "6a8cb85aaa106e18efc6e3620af3cb294f9f80ff7d3be84497fdb7d877999ca0",
            "type": "release",
            "version": "0.2.0.70"
        },
        {
            "releaseTime": "2018-12-14T18:13:28+00:00",
            "requires": [
                {
                    "uid": "net.fabricmc.intermediary"
                }
            ],
            "sha256": "977c92562e926d9bf45bc070655ebddbd304b1c301b0656f9d67b85a1db9ffbc",
            "type": "release",
            "version": "0.2.0.69"
        },
        {
            "releaseTime": "2018-12-14T17:20:06+00:00",
            "requires": [
                {
                    "uid": "net.fabricmc.intermediary"
                }
            ],
            "sha256": "b762fe25f79608fb0ab1119bdb7dad13441beee502d338f06a7d2a11be9ee8a4",
            "type": "release",
            "version": "0.2.0.68"
        },
        {
            "releaseTime": "2018-12-14T17:08:14+00:00",
            "requires": [
                {
                    "uid": "net.fabricmc.intermediary"
                }
            ],
            "sha256": "e982ea23154ded6795addfa959d8832ff8ab89cc9d4c4c1d47c6e044fb8883bd",
            "type": "release",
            "version": "0.2.0.67"
        },
        {
            "releaseTime": "2018-12-14T17:06:36+00:00",
            "requires": [
                {
                    "uid": "net.fabricmc.intermediary"
                }
            ],
            "sha256": "5e264a7cc78f5634b8a2225b4d9bfe820fd8edd82b915a89315e514da58892ac",
            "type": "release",
            "version": "0.2.0.66"
        },
        {
            "releaseTime": "2018-12-13T08:01:58+00:00",
            "requires": [
                {
                    "uid": "net.fabricmc.intermediary"
                }
            ],
            "sha256": "fb02649f2ca6fd79c8071bd6308756adcc6d37bf0b41486a53b257927c9d8131",
            "type": "release",
            "version": "0.2.0.65"
        },
        {
            "releaseTime": "2018-12-12T08:46:46+00:00",
            "requires": [
                {
                    "uid": "net.fabricmc.intermediary"
                }
            ],
            "sha256": "70647d83f36355c15003cd45e258f0b4a1c1d884ec8e4a3d13d0f6ad9f5dc150",
            "type": "release",
            "version": "0.2.0.64"
        },
        {
            "releaseTime": "2018-12-11T20:17:34+00:00",
            "requires": [
                {
                    "uid": "net.fabricmc.intermediary"
                }
            ],
            "sha256": "c60d9a0277e83ada18db3c0cfef23ee2c007dc5d09d9b03f7ce8e8bc351ea7f2",
            "type": "release",
            "version": "0.2.0.63"
        },
        {
            "releaseTime": "2018-12-10T17:44:32+00:00",
            "requires": [
                {
                    "uid": "net.fabricmc.intermediary"
                }
            ],
            "sha256": "021fa3099837cd41bbda60663ffccc31945c59753373458db086626bfe7dc0c3",
            "type": "release",
            "version": "0.2.0.62"
        },
        {
            "releaseTime": "2018-12-10T07:04:32+00:00",
            "requires": [
                {
                    "uid": "net.fabricmc.intermediary"
                }
            ],
            "sha256": "715bd96385433f8272f45b99dbe80fcab7a9a267ac9aabb04ce106d410eb5ad2",
            "type": "release",
            "version": "0.2.0.61"
        },
        {
            "releaseTime": "2018-12-09T22:50:06+00:00",
            "requires": [
                {
                    "uid": "net.fabricmc.intermediary"
                }
            ],
            "sha256": "56c3ca751b925d943ba6c212b68cc2ff22a66109ce71974d4225d02a76848b9e",
            "type": "release",
            "version": "0.2.0.60"
        },
        {
            "releaseTime": "2018-12-09T21:32:40+00:00",
            "requires": [
                {
                    "uid": "net.fabricmc.intermediary"
                }
            ],
            "sha256": "01b480cfc382a939e8520cc57aeab65d3d9163f5be88a03f411b0c7f12524f66",
            "type": "release",
            "version": "0.2.0.59"
        },
        {
            "releaseTime": "2018-12-09T18:14:26+00:00",
            "requires": [
                {
                    "uid": "net.fabricmc.intermediary"
                }
            ],
            "sha256": "85134ac6edc810bf961be114a8e891cfdec8bfb4bf8e1d21b8e5eede485299f6",
            "type": "release",
            "version": "0.2.0.58"
        },
        {
            "releaseTime": "2018-12-09T18:11:38+00:00",
            "requires": [
                {
                    "uid": "net.fabricmc.intermediary"
                }
            ],
            "sha256": "e19f3a563738ece05f7e0ded9f3405036f240e86b9ece4c2042fee5609004290",
            "type": "release",
            "version": "0.2.0.57"
        },
        {
            "releaseTime": "2018-12-09T18:08:14+00:00",
            "requires": [
                {
                    "uid": "net.fabricmc.intermediary"
                }
            ],
            "sha256": "7ea5c4657128840d6221bd1337d4222e6d900e1de41fe14ec53db98c6542f402",
            "type": "release",
            "version": "0.2.0.56"
        },
        {
            "releaseTime": "2018-12-09T17:03:46+00:00",
            "requires": [
                {
                    "uid": "net.fabricmc.intermediary"
                }
            ],
            "sha256": "8ab0d5915812197fdb5c5c60e122bb7d0b2cbcbbdb2944c479b423ff9189ab42",
            "type": "release",
            "version": "0.2.0.55"
        },
        {
            "releaseTime": "2018-12-09T16:59:56+00:00",
            "requires": [
                {
                    "uid": "net.fabricmc.intermediary"
                }
            ],
            "sha256": "a7af3d294c1e0babf7a417ca918c58138cbf0446a30397ecc239d516c052161a",
            "type": "release",
            "version": "0.2.0.54"
        },
        {
            "releaseTime": "2018-12-09T15:38:36+00:00",
            "requires": [
                {
                    "uid": "net.fabricmc.intermediary"
                }
            ],
            "sha256": "7e28662ed1d9d0bd6aec772f379a3ca87962769502f8138582effe7394d181a4",
            "type": "release",
            "version": "0.2.0.53"
        },
        {
            "releaseTime": "2018-12-05T13:51:38+00:00",
            "requires": [
                {
                    "uid": "net.fabricmc.intermediary"
                }
            ],
            "sha256": "1e0132dff667e521c229e0d2aeb29c13dde767a9f365d6a9831953f8823a3b8b",
            "type": "release",
            "version": "0.1.0.52"
        },
        {
            "releaseTime": "2018-12-02T11:07:10+00:00",
            "requires": [
                {
                    "uid": "net.fabricmc.intermediary"
                }
            ],
            "sha256": "d7eea6f44ba05870e7948a7401abaeac10877084ac870ee40a2c98fb6e69f6de",
            "type": "release",
            "version": "0.1.0.51"
        },
        {
            "releaseTime": "2018-12-02T10:44:24+00:00",
            "requires": [
                {
                    "uid": "net.fabricmc.intermediary"
                }
            ],
            "sha256": "5cd685feda4ff3387ae1a60a8e3aa840361b1e812e13cb2563baac1415364dae",
            "type": "release",
            "version": "0.1.0.50"
        },
        {
            "releaseTime": "2018-11-30T21:31:40+00:00",
            "requires": [
                {
                    "uid": "net.fabricmc.intermediary"
                }
            ],
            "sha256": "857bc9438ed1b6ece100718c4886cdf8ee10d2a82d25040fa984999bd3778493",
            "type": "release",
            "version": "0.1.0.49"
        },
        {
            "releaseTime": "2018-11-30T13:54:26+00:00",
            "requires": [
                {
                    "uid": "net.fabricmc.intermediary"
                }
            ],
            "sha256": "55edd27d44dfbd2fd92dcf87e06d7c44abaa723920658939025af4c9897af1f6",
            "type": "release",
            "version": "0.1.0.48"
        }
    ]
}