{
    "formatVersion": 1,
    "libraries": [
        {
            "name": "net.fabricmc:intermediary:1.18.1",
            "url": "https://maven.fabricmc.net"
        }
    ],
    "name": "Intermediary Mappings",
    "order": 11,
    "releaseTime": "2021-12-10T10:36:12+00:00",
    "requires": [
        {
            "equals": "1.18.1",
            "uid": "net.minecraft"
        }
    ],
    "type": "release",
    "uid": "net.fabricmc.intermediary",
    "version": "1.18.1",
    "volatile": true
}