{
    "+traits": [
        "XR:Initial",
        "FirstThreadOnMacOS"
    ],
    "assetIndex": {
        "id": "1.18",
        "sha1": "6b87c76d1edcb1fb0d933382cbb8bb8483c362c4",
        "size": 348135,
        "totalSize": 465840848,
        "url": "https://launchermeta.mojang.com/v1/packages/6b87c76d1edcb1fb0d933382cbb8bb8483c362c4/1.18.json"
    },
    "formatVersion": 1,
    "libraries": [
        {
            "downloads": {
                "artifact": {
                    "sha1": "7039c2c6209064ee4132cea7a0737b63b92c725e",
                    "size": 964,
                    "url": "https://libraries.minecraft.net/com/mojang/blocklist/1.0.6/blocklist-1.0.6.jar"
                }
            },
            "name": "com.mojang:blocklist:1.0.6"
        },
        {
            "downloads": {
                "artifact": {
                    "sha1": "ce112c16c6275fdfff2d30208533ec906a191f71",
                    "size": 10090,
                    "url": "https://libraries.minecraft.net/com/mojang/patchy/2.1.6/patchy-2.1.6.jar"
                }
            },
            "name": "com.mojang:patchy:2.1.6"
        },
        {
            "downloads": {
                "artifact": {
                    "sha1": "3a4c610d5991654009653e55b3204065441e2f0d",
                    "size": 879038,
                    "url": "https://libraries.minecraft.net/com/github/oshi/oshi-core/5.8.2/oshi-core-5.8.2.jar"
                }
            },
            "name": "com.github.oshi:oshi-core:5.8.2"
        },
        {
            "downloads": {
                "artifact": {
                    "sha1": "8f503e6d9b500ceff299052d6be75b38c7257758",
                    "size": 1729586,
                    "url": "https://libraries.minecraft.net/net/java/dev/jna/jna/5.9.0/jna-5.9.0.jar"
                }
            },
            "name": "net.java.dev.jna:jna:5.9.0"
        },
        {
            "downloads": {
                "artifact": {
                    "sha1": "c535a5bda553d7d7690356c825010da74b2671b5",
                    "size": 1343236,
                    "url": "https://libraries.minecraft.net/net/java/dev/jna/jna-platform/5.9.0/jna-platform-5.9.0.jar"
                }
            },
            "name": "net.java.dev.jna:jna-platform:5.9.0"
        },
        {
            "downloads": {
                "artifact": {
                    "sha1": "83b0359d847ee053d745be7ec0d8e9e8a44304b4",
                    "size": 44213,
                    "url": "https://libraries.minecraft.net/org/slf4j/slf4j-api/1.8.0-beta4/slf4j-api-1.8.0-beta4.jar"
                }
            },
            "name": "org.slf4j:slf4j-api:1.8.0-beta4"
        },
        {
            "downloads": {
                "artifact": {
                    "sha1": "0c880a059056df5725f5d8d1035276d9749eba6d",
                    "size": 21249,
                    "url": "https://files.multimc.org/maven/org/apache/logging/log4j/log4j-slf4j18-impl/2.16.0/log4j-slf4j18-impl-2.16.0.jar"
                }
            },
            "name": "org.apache.logging.log4j:log4j-slf4j18-impl:2.16.0"
        },
        {
            "downloads": {
                "artifact": {
                    "sha1": "ff666ac55986650893aacb9e2e0003538e9799c0",
                    "size": 13356812,
                    "url": "https://libraries.minecraft.net/com/ibm/icu/icu4j/69.1/icu4j-69.1.jar"
                }
            },
            "name": "com.ibm.icu:icu4j:69.1"
        },
        {
            "downloads": {
                "artifact": {
                    "sha1": "0c876796229b2ef5120f186eab5acc870699d3b9",
                    "size": 6053,
                    "url": "https://libraries.minecraft.net/com/mojang/javabridge/1.2.24/javabridge-1.2.24.jar"
                }
            },
            "name": "com.mojang:javabridge:1.2.24"
        },
        {
            "downloads": {
                "artifact": {
                    "sha1": "4fdac2fbe92dfad86aa6e9301736f6b4342a3f5c",
                    "size": 78146,
                    "url": "https://libraries.minecraft.net/net/sf/jopt-simple/jopt-simple/5.0.4/jopt-simple-5.0.4.jar"
                }
            },
            "name": "net.sf.jopt-simple:jopt-simple:5.0.4"
        },
        {
            "downloads": {
                "artifact": {
                    "sha1": "b8266a3c93c1c051109f71d3449e5dcd5d60b333",
                    "size": 4515045,
                    "url": "https://libraries.minecraft.net/io/netty/netty-all/4.1.68.Final/netty-all-4.1.68.Final.jar"
                }
            },
            "name": "io.netty:netty-all:4.1.68.Final"
        },
        {
            "downloads": {
                "artifact": {
                    "sha1": "1dcf1de382a0bf95a3d8b0849546c88bac1292c9",
                    "size": 4617,
                    "url": "https://libraries.minecraft.net/com/google/guava/failureaccess/1.0.1/failureaccess-1.0.1.jar"
                }
            },
            "name": "com.google.guava:failureaccess:1.0.1"
        },
        {
            "downloads": {
                "artifact": {
                    "sha1": "119ea2b2bc205b138974d351777b20f02b92704b",
                    "size": 2974216,
                    "url": "https://libraries.minecraft.net/com/google/guava/guava/31.0.1-jre/guava-31.0.1-jre.jar"
                }
            },
            "name": "com.google.guava:guava:31.0.1-jre"
        },
        {
            "downloads": {
                "artifact": {
                    "sha1": "c6842c86792ff03b9f1d1fe2aab8dc23aa6c6f0e",
                    "size": 587402,
                    "url": "https://libraries.minecraft.net/org/apache/commons/commons-lang3/3.12.0/commons-lang3-3.12.0.jar"
                }
            },
            "name": "org.apache.commons:commons-lang3:3.12.0"
        },
        {
            "downloads": {
                "artifact": {
                    "sha1": "a2503f302b11ebde7ebc3df41daebe0e4eea3689",
                    "size": 327135,
                    "url": "https://libraries.minecraft.net/commons-io/commons-io/2.11.0/commons-io-2.11.0.jar"
                }
            },
            "name": "commons-io:commons-io:2.11.0"
        },
        {
            "downloads": {
                "artifact": {
                    "sha1": "49d94806b6e3dc933dacbd8acb0fdbab8ebd1e5d",
                    "size": 353793,
                    "url": "https://libraries.minecraft.net/commons-codec/commons-codec/1.15/commons-codec-1.15.jar"
                }
            },
            "name": "commons-codec:commons-codec:1.15"
        },
        {
            "downloads": {
                "artifact": {
                    "sha1": "c1ef1234282716483c92183f49bef47b1a89bfa9",
                    "size": 77116,
                    "url": "https://libraries.minecraft.net/com/mojang/brigadier/1.0.18/brigadier-1.0.18.jar"
                }
            },
            "name": "com.mojang:brigadier:1.0.18"
        },
        {
            "downloads": {
                "artifact": {
                    "sha1": "ebd6690f33871ccee9b6132c6480668ee2e35020",
                    "size": 673183,
                    "url": "https://libraries.minecraft.net/com/mojang/datafixerupper/4.0.26/datafixerupper-4.0.26.jar"
                }
            },
            "name": "com.mojang:datafixerupper:4.0.26"
        },
        {
            "downloads": {
                "artifact": {
                    "sha1": "431fc3cbc0ff81abdbfde070062741089c3ba874",
                    "size": 242047,
                    "url": "https://libraries.minecraft.net/com/google/code/gson/gson/2.8.8/gson-2.8.8.jar"
                }
            },
            "name": "com.google.code.gson:gson:2.8.8"
        },
        {
            "downloads": {
                "artifact": {
                    "sha1": "7bba19e34be22fded9ceb409ca1e8fb7525daf55",
                    "size": 102196,
                    "url": "https://libraries.minecraft.net/com/mojang/authlib/3.2.38/authlib-3.2.38.jar"
                }
            },
            "name": "com.mojang:authlib:3.2.38"
        },
        {
            "downloads": {
                "artifact": {
                    "sha1": "4ec95b60d4e86b5c95a0e919cb172a0af98011ef",
                    "size": 1018316,
                    "url": "https://libraries.minecraft.net/org/apache/commons/commons-compress/1.21/commons-compress-1.21.jar"
                }
            },
            "name": "org.apache.commons:commons-compress:1.21"
        },
        {
            "downloads": {
                "artifact": {
                    "sha1": "e5f6cae5ca7ecaac1ec2827a9e2d65ae2869cada",
                    "size": 780321,
                    "url": "https://libraries.minecraft.net/org/apache/httpcomponents/httpclient/4.5.13/httpclient-4.5.13.jar"
                }
            },
            "name": "org.apache.httpcomponents:httpclient:4.5.13"
        },
        {
            "downloads": {
                "artifact": {
                    "sha1": "4bfc12adfe4842bf07b657f0369c4cb522955686",
                    "size": 61829,
                    "url": "https://libraries.minecraft.net/commons-logging/commons-logging/1.2/commons-logging-1.2.jar"
                }
            },
            "name": "commons-logging:commons-logging:1.2"
        },
        {
            "downloads": {
                "artifact": {
                    "sha1": "9dd1a631c082d92ecd4bd8fd4cf55026c720a8c1",
                    "size": 328436,
                    "url": "https://libraries.minecraft.net/org/apache/httpcomponents/httpcore/4.4.14/httpcore-4.4.14.jar"
                }
            },
            "name": "org.apache.httpcomponents:httpcore:4.4.14"
        },
        {
            "downloads": {
                "artifact": {
                    "sha1": "76f95700418a68fbc4ac050525261f05dc681ca1",
                    "size": 23565248,
                    "url": "https://libraries.minecraft.net/it/unimi/dsi/fastutil/8.5.6/fastutil-8.5.6.jar"
                }
            },
            "name": "it.unimi.dsi:fastutil:8.5.6"
        },
        {
            "downloads": {
                "artifact": {
                    "sha1": "f821a18687126c2e2f227038f540e7953ad2cc8c",
                    "size": 301892,
                    "url": "https://files.multimc.org/maven/org/apache/logging/log4j/log4j-api/2.16.0/log4j-api-2.16.0.jar"
                }
            },
            "name": "org.apache.logging.log4j:log4j-api:2.16.0"
        },
        {
            "downloads": {
                "artifact": {
                    "sha1": "539a445388aee52108700f26d9644989e7916e7c",
                    "size": 1789565,
                    "url": "https://files.multimc.org/maven/org/apache/logging/log4j/log4j-core/2.16.0/log4j-core-2.16.0.jar"
                }
            },
            "name": "org.apache.logging.log4j:log4j-core:2.16.0"
        },
        {
            "downloads": {
                "artifact": {
                    "sha1": "f378f889797edd7df8d32272c06ca80a1b6b0f58",
                    "size": 13164,
                    "url": "https://libraries.minecraft.net/com/mojang/text2speech/1.11.3/text2speech-1.11.3.jar"
                }
            },
            "name": "com.mojang:text2speech:1.11.3"
        },
        {
            "downloads": {
                "artifact": {
                    "sha1": "f378f889797edd7df8d32272c06ca80a1b6b0f58",
                    "size": 13164,
                    "url": "https://libraries.minecraft.net/com/mojang/text2speech/1.11.3/text2speech-1.11.3.jar"
                },
                "classifiers": {
                    "natives-linux": {
                        "sha1": "ac641755a2a841d1fca9e660194f42523ee5cfe0",
                        "size": 7833,
                        "url": "https://libraries.minecraft.net/com/mojang/text2speech/1.11.3/text2speech-1.11.3-natives-linux.jar"
                    },
                    "natives-windows": {
                        "sha1": "c0b242c0091be5acbf303263c7eeeaedd70544c7",
                        "size": 81379,
                        "url": "https://libraries.minecraft.net/com/mojang/text2speech/1.11.3/text2speech-1.11.3-natives-windows.jar"
                    },
                    "sources": {
                        "sha1": "772a37dd77417571e6f119a8d306f0c14c2ee410",
                        "size": 5332,
                        "url": "https://libraries.minecraft.net/com/mojang/text2speech/1.11.3/text2speech-1.11.3-sources.jar"
                    }
                }
            },
            "extract": {
                "exclude": [
                    "META-INF/"
                ]
            },
            "name": "com.mojang:text2speech:1.11.3",
            "natives": {
                "linux": "natives-linux",
                "windows": "natives-windows"
            }
        },
        {
            "downloads": {
                "artifact": {
                    "sha1": "6ef160c3133a78de015830860197602ca1c855d3",
                    "size": 40502,
                    "url": "https://libraries.minecraft.net/ca/weblite/java-objc-bridge/1.0.0/java-objc-bridge-1.0.0.jar"
                },
                "classifiers": {
                    "javadoc": {
                        "sha1": "fb0092f22cb4fe8e631452f577b7a238778abf2a",
                        "size": 174060,
                        "url": "https://libraries.minecraft.net/ca/weblite/java-objc-bridge/1.0.0/java-objc-bridge-1.0.0-javadoc.jar"
                    },
                    "natives-osx": {
                        "sha1": "08befab4894d55875f33c3d300f4f71e6e828f64",
                        "size": 5629,
                        "url": "https://libraries.minecraft.net/ca/weblite/java-objc-bridge/1.0.0/java-objc-bridge-1.0.0-natives-osx.jar"
                    },
                    "sources": {
                        "sha1": "865837a198189aee737019561ece842827f24278",
                        "size": 43283,
                        "url": "https://libraries.minecraft.net/ca/weblite/java-objc-bridge/1.0.0/java-objc-bridge-1.0.0-sources.jar"
                    }
                }
            },
            "extract": {
                "exclude": [
                    "META-INF/"
                ]
            },
            "name": "ca.weblite:java-objc-bridge:1.0.0",
            "natives": {
                "osx": "natives-osx"
            },
            "rules": [
                {
                    "action": "allow",
                    "os": {
                        "name": "osx"
                    }
                }
            ]
        },
        {
            "downloads": {
                "artifact": {
                    "sha1": "6ef160c3133a78de015830860197602ca1c855d3",
                    "size": 40502,
                    "url": "https://libraries.minecraft.net/ca/weblite/java-objc-bridge/1.0.0/java-objc-bridge-1.0.0.jar"
                }
            },
            "name": "ca.weblite:java-objc-bridge:1.0.0",
            "rules": [
                {
                    "action": "allow",
                    "os": {
                        "name": "osx"
                    }
                }
            ]
        }
    ],
    "mainClass": "net.minecraft.client.main.Main",
    "mainJar": {
        "downloads": {
            "artifact": {
                "sha1": "7e46fb47609401970e2818989fa584fd467cd036",
                "size": 20042090,
                "url": "https://launcher.mojang.com/v1/objects/7e46fb47609401970e2818989fa584fd467cd036/client.jar"
            }
        },
        "name": "com.mojang:minecraft:1.18.1:client"
    },
    "minecraftArguments": "--username ${auth_player_name} --version ${version_name} --gameDir ${game_directory} --assetsDir ${assets_root} --assetIndex ${assets_index_name} --uuid ${auth_uuid} --accessToken ${auth_access_token} --userType ${user_type} --versionType ${version_type}",
    "name": "Minecraft",
    "order": -2,
    "releaseTime": "2021-12-10T08:23:00+00:00",
    "requires": [
        {
            "equals": "3.2.2",
            "suggests": "3.2.2",
            "uid": "org.lwjgl3"
        }
    ],
    "type": "release",
    "uid": "net.minecraft",
    "version": "1.18.1"
}