{
    "formatVersion": 1,
    "name": "LWJGL 3",
    "uid": "org.lwjgl3",
    "versions": [
        {
            "conflicts": [
                {
                    "uid": "org.lwjgl"
                }
            ],
            "releaseTime": "2019-06-24T12:52:52+00:00",
            "sha256": "306d752d469ad8fc2f5984c2adb5bde75a738a74a29353dee5f57d103c13595d",
            "type": "release",
            "version": "3.2.2",
            "volatile": true
        },
        {
            "conflicts": [
                {
                    "uid": "org.lwjgl"
                }
            ],
            "releaseTime": "2019-05-13T11:10:12+00:00",
            "sha256": "c0ed84a9f88fd9bf2ee2057291fe8776fc29b38e48b761b360fc17d7f2c5b644",
            "type": "release",
            "version": "3.2.1",
            "volatile": true
        },
        {
            "conflicts": [
                {
                    "uid": "org.lwjgl"
                }
            ],
            "releaseTime": "2018-07-18T15:11:46+00:00",
            "sha256": "b0e24cca3fd0b5197e57c0349d149a19caa753d22dfffebb81876da1f13ac3a3",
            "type": "release",
            "version": "3.1.6",
            "volatile": true
        },
        {
            "conflicts": [
                {
                    "uid": "org.lwjgl"
                }
            ],
            "recommended": true,
            "releaseTime": "2018-05-09T10:00:51+00:00",
            "sha256": "0b6f5a46688ac640d484ada0690e81f9be8e16bd993e77fe3b6d2a076f35b877",
            "type": "release",
            "version": "3.1.2",
            "volatile": true
        }
    ]
}